COND_ID;COD_FORN;NOME_FORN;CATEG;COD_LOJA;TP_COND;VLR_PCT;VLR_BRL;DT_INI;DT_FIM;STATUS;DT_CAD;USR_CAD
COND-001;FORN-001;ALFA PHARMA INDUSTRIA FARMACEUTICA LTDA;MEDICAMENTOS_REFERENCIA;REDE;DESC;8,00;;20260101;20261231;VIGENTE;20251218;ACOSTA
COND-002;FORN-004;DELTA LABORATORIOS S.A.;GENERICOS;REDE;DESC;12,00;;20260301;20270228;VIGENTE;20260220;RALVES
COND-003;FORN-002;BETA DISTRIBUIDORA DE PRODUTOS DE HIGIENE LTDA;HIGIENE_BELEZA;LOJA-104;DESC;10,00;;20260701;20261231;VIGENTE;20260624;RALVES
COND-003;FORN-002;BETA DISTRIBUIDORA DE PRODUTOS DE HIGIENE LTDA;HIGIENE_BELEZA;LOJA-107;DESC;10,00;;20260701;20261231;VIGENTE;20260624;RALVES
COND-003;FORN-002;BETA DISTRIBUIDORA DE PRODUTOS DE HIGIENE LTDA;HIGIENE_BELEZA;LOJA-112;DESC;10,00;;20260701;20261231;VIGENTE;20260624;RALVES
COND-004;FORN-003;GAMA DERMOCOSMETICOS S.A.;DERMOCOSMETICOS;LOJA-101;DESC;15,00;;20260101;20260630;ENCERRADA;20251210;ACOSTA
COND-004;FORN-003;GAMA DERMOCOSMETICOS S.A.;DERMOCOSMETICOS;LOJA-102;DESC;15,00;;20260101;20260630;ENCERRADA;20251210;ACOSTA
COND-004;FORN-003;GAMA DERMOCOSMETICOS S.A.;DERMOCOSMETICOS;LOJA-103;DESC;15,00;;20260101;20260630;ENCERRADA;20251210;ACOSTA
COND-004;FORN-003;GAMA DERMOCOSMETICOS S.A.;DERMOCOSMETICOS;LOJA-109;DESC;15,00;;20260101;20260630;ENCERRADA;20251210;ACOSTA
COND-005;FORN-006;EPSILON FARMA LTDA;MIP;LOJA-120;VERBA;;4500,00;20260801;20261031;VIGENTE;20260725;MSOUZA
COND-005;FORN-006;EPSILON FARMA LTDA;MIP;LOJA-121;VERBA;;4500,00;20260801;20261031;VIGENTE;20260725;MSOUZA
COND-006;FORN-007;ZETA COSMETICOS LTDA;HIGIENE_BELEZA;REDE;DESC;7,50;;20260501;20261130;VIGENTE;20260428;MSOUZA
COND-007;FORN-008;OMEGA GENERICOS LTDA;GENERICOS;LOJA-130;DESC;14,00;;20260601;20261231;VIGENTE;20260527;RALVES
COND-007;FORN-008;OMEGA GENERICOS LTDA;GENERICOS;LOJA-131;DESC;14,00;;20260601;20261231;VIGENTE;20260527;RALVES
COND-007;FORN-008;OMEGA GENERICOS LTDA;GENERICOS;LOJA-132;DESC;14,00;;20260601;20261231;VIGENTE;20260527;RALVES
COND-007;FORN-008;OMEGA GENERICOS LTDA;GENERICOS;LOJA-133;DESC;14,00;;20260601;20261231;VIGENTE;20260527;RALVES
COND-007;FORN-008;OMEGA GENERICOS LTDA;GENERICOS;LOJA-134;DESC;14,00;;20260601;20261231;VIGENTE;20260527;RALVES
COND-007;FORN-008;OMEGA GENERICOS LTDA;GENERICOS;LOJA-135;DESC;14,00;;20260601;20261231;VIGENTE;20260527;RALVES
COND-008;FORN-002;BETA DISTRIBUIDORA DE PRODUTOS DE HIGIENE LTDA;HIGIENE_BELEZA;LOJA-115;DESC;6,00;;20260401;20260930;VIGENTE;20260326;ACOSTA
COND-008;FORN-002;BETA DISTRIBUIDORA DE PRODUTOS DE HIGIENE LTDA;HIGIENE_BELEZA;LOJA-116;DESC;6,00;;20260401;20260930;VIGENTE;20260326;ACOSTA
COND-009;FORN-005;NUTRIVIDA SUPLEMENTOS ALIMENTARES LTDA;SUPLEMENTOS;REDE;DESC;10,00;;20250901;20260831;ENCERRADA;20250822;MSOUZA
COND-010;FORN-004;DELTA LABORATORIOS S.A.;MIP;LOJA-117;DESC;9,00;;20260715;20270114;VIGENTE;20260709;ACOSTA
COND-010;FORN-004;DELTA LABORATORIOS S.A.;MIP;LOJA-118;DESC;9,00;;20260715;20270114;VIGENTE;20260709;ACOSTA
COND-010;FORN-004;DELTA LABORATORIOS S.A.;MIP;LOJA-140;DESC;9,00;;20260715;20270114;VIGENTE;20260709;ACOSTA
